timestamp,Date,Open,High,Low,Close,Adj Close,Volume,Predicted_Close,Predicted_BuyOrSell
2023-01-05,2023-01-05,127.12999725341795,127.7699966430664,124.76000213623048,125.0199966430664,123.85509490966795,80962700,129.58671955885353,buy
2023-01-06,2023-01-06,126.01000213623048,130.2899932861328,124.88999938964844,129.6199951171875,128.4122314453125,87754700,130.7483382440857,buy
2023-01-09,2023-01-09,130.47000122070312,133.41000366210938,129.88999938964844,130.14999389648438,128.93727111816406,70790800,132.25432465338406,buy
2023-01-10,2023-01-10,130.25999450683594,131.25999450683594,128.1199951171875,130.72999572753906,129.5118865966797,63896200,133.0234196935954,buy
2023-01-11,2023-01-11,131.25,133.50999450683594,130.4600067138672,133.49000549316406,132.2461700439453,69458900,133.72672906588627,buy
2023-01-12,2023-01-12,133.8800048828125,134.25999450683594,131.44000244140625,133.41000366210938,132.16688537597656,71379600,134.70572494194252,buy
2023-01-13,2023-01-13,132.02999877929688,134.9199981689453,131.66000366210938,134.75999450683594,133.50433349609375,57809700,135.74820927646604,buy
2023-01-17,2023-01-17,134.8300018310547,137.2899932861328,134.1300048828125,135.94000244140625,134.67337036132812,63646600,136.99267708774255,buy
2023-01-18,2023-01-18,136.82000732421875,138.61000061035156,135.02999877929688,135.2100067138672,133.9501495361328,69672800,137.9590650235444,buy
2023-01-19,2023-01-19,134.0800018310547,136.25,133.77000427246094,135.27000427246094,134.00958251953125,58280400,139.04802778188701,buy
2023-01-20,2023-01-20,135.27999877929688,138.02000427246094,134.22000122070312,137.8699951171875,136.58534240722656,80223600,140.49918033577404,buy
2023-01-23,2023-01-23,138.1199951171875,143.32000732421875,137.89999389648438,141.11000061035156,139.79515075683594,81760300,141.5424019142616,buy
2023-01-24,2023-01-24,140.30999755859375,143.16000366210938,140.3000030517578,142.52999877929688,141.2019500732422,66435100,142.4067616962593,buy
2023-01-25,2023-01-25,140.88999938964844,142.42999267578125,138.80999755859375,141.86000061035156,140.53817749023438,65799300,142.98732529088736,buy
2023-01-26,2023-01-26,143.1699981689453,144.25,141.89999389648438,143.9600067138672,142.61862182617188,54105100,144.09900371107807,buy
2023-01-27,2023-01-27,143.16000366210938,147.22999572753906,143.0800018310547,145.92999267578125,144.5702667236328,70555800,145.78781593875988,buy
2023-01-30,2023-01-30,144.9600067138672,145.5500030517578,142.85000610351562,143.0,141.66757202148438,64015300,146.8221905896791,buy
2023-01-31,2023-01-31,142.6999969482422,144.33999633789062,142.27999877929688,144.2899932861328,142.94554138183594,65874500,147.97956745094433,buy
2023-02-01,2023-02-01,143.97000122070312,146.61000061035156,141.32000732421875,145.42999267578125,144.0749053955078,77663600,149.15964928936253,buy
2023-02-02,2023-02-02,148.89999389648438,151.17999267578125,148.1699981689453,150.82000732421875,149.41470336914062,118339000,150.02766323709497,buy
2023-02-03,2023-02-03,148.02999877929688,157.3800048828125,147.8300018310547,154.5,153.06039428710938,154357300,150.76204370282628,buy
2023-02-06,2023-02-06,152.57000732421875,153.10000610351562,150.77999877929688,151.72999572753906,150.3162078857422,69858300,151.1601874974859,sell
2023-02-07,2023-02-07,150.63999938964844,155.22999572753906,150.63999938964844,154.64999389648438,153.20899963378906,83322600,150.9894246999052,buy
2023-02-08,2023-02-08,153.8800048828125,154.5800018310547,151.1699981689453,151.9199981689453,150.5044708251953,64120100,151.46208355840713,sell
2023-02-09,2023-02-09,153.77999877929688,154.3300018310547,150.4199981689453,150.8699951171875,149.4642333984375,56007100,151.338739437817,buy
2023-02-10,2023-02-10,149.4600067138672,151.33999633789062,149.22000122070312,151.00999450683594,149.83132934570312,57450700,151.42141760873923,sell
2023-02-13,2023-02-13,150.9499969482422,154.25999450683594,150.9199981689453,153.85000610351562,152.64918518066406,62199000,151.10766153622282,sell
2023-02-14,2023-02-14,152.1199951171875,153.77000427246094,150.86000061035156,153.1999969482422,152.00424194335938,61707600,150.83171859977432,sell
2023-02-15,2023-02-15,153.11000061035156,155.5,152.8800048828125,155.3300018310547,154.1176300048828,65573800,150.24630415355688,sell
2023-02-16,2023-02-16,153.50999450683594,156.3300018310547,153.35000610351562,153.7100067138672,152.51028442382812,68167900,149.39071650626158,sell
2023-02-17,2023-02-17,152.35000610351562,153.0,150.85000610351562,152.5500030517578,151.3593292236328,59144100,148.41130392709525,sell
2023-02-21,2023-02-21,150.1999969482422,151.3000030517578,148.41000366210938,148.47999572753906,147.32107543945312,58867200,147.5764980118294,sell
2023-02-22,2023-02-22,148.8699951171875,149.9499969482422,147.16000366210938,148.91000366210938,147.7477569580078,51011300,146.61475791840945,sell
2023-02-23,2023-02-23,150.08999633789062,150.33999633789062,147.24000549316406,149.39999389648438,148.2339324951172,48394200,146.272740827272,buy
2023-02-24,2023-02-24,147.11000061035156,147.19000244140625,145.72000122070312,146.7100067138672,145.56492614746094,55469600,146.55489157159147,buy
2023-02-27,2023-02-27,147.7100067138672,149.1699981689453,147.4499969482422,147.9199981689453,146.76548767089844,44998500,147.14375717433617,buy
2023-02-28,2023-02-28,147.0500030517578,149.0800018310547,146.8300018310547,147.41000366210938,146.2594451904297,50547000,147.79267076371607,buy
2023-03-01,2023-03-01,146.8300018310547,147.22999572753906,145.00999450683594,145.30999755859375,144.17584228515625,55479000,148.44836913450405,buy
2023-03-02,2023-03-02,144.3800048828125,146.7100067138672,143.89999389648438,145.91000366210938,144.7711639404297,52238100,148.86897215832866,buy
2023-03-03,2023-03-03,148.0399932861328,151.11000061035156,147.3300018310547,151.02999877929688,149.85118103027344,70732300,149.29037653428807,buy
2023-03-06,2023-03-06,153.7899932861328,156.3000030517578,153.4600067138672,153.8300018310547,152.6293487548828,87558000,149.89192487015308,buy
2023-03-07,2023-03-07,153.6999969482422,154.02999877929688,151.1300048828125,151.60000610351562,150.416748046875,56182000,150.09747703507972,sell
2023-03-08,2023-03-08,152.80999755859375,153.47000122070312,151.8300018310547,152.8699951171875,151.6768341064453,47204800,149.98680496291473,buy
2023-03-09,2023-03-09,153.55999755859375,154.5399932861328,150.22999572753906,150.58999633789062,149.41461181640625,53833600,150.54637313161075,buy
2023-03-10,2023-03-10,150.2100067138672,150.94000244140625,147.61000061035156,148.5,147.3409423828125,68572400,150.8264724144651,buy
2023-03-13,2023-03-13,147.80999755859375,153.13999938964844,147.6999969482422,150.47000122070312,149.29556274414062,84457100,151.72047154075568,buy
2023-03-14,2023-03-14,151.27999877929688,153.39999389648438,150.10000610351562,152.58999633789062,151.3990020751953,73695900,153.1308192439381,buy
2023-03-15,2023-03-15,151.19000244140625,153.25,149.9199981689453,152.99000549316406,151.7958984375,77167900,154.0903155513806,buy
2023-03-16,2023-03-16,152.16000366210938,156.4600067138672,151.63999938964844,155.85000610351562,154.63357543945312,76161100,154.91460772663774,buy
2023-03-17,2023-03-17,156.0800018310547,156.74000549316406,154.27999877929688,155.0,153.7902069091797,98944600,155.85595073705295,buy
2023-03-20,2023-03-20,155.07000732421875,157.82000732421875,154.14999389648438,157.39999389648438,156.1714630126953,73641400,156.17037994536264,buy
2023-03-21,2023-03-21,157.32000732421875,159.39999389648438,156.5399932861328,159.27999877929688,158.0367889404297,73938300,156.5129526406469,buy
2023-03-22,2023-03-22,159.3000030517578,162.13999938964844,157.80999755859375,157.8300018310547,156.59812927246094,75701800,156.94805479576402,buy
2023-03-23,2023-03-23,158.8300018310547,161.5500030517578,157.67999267578125,158.92999267578125,157.6895294189453,67622100,157.34520491377648,buy
2023-03-24,2023-03-24,158.86000061035156,160.33999633789062,157.85000610351562,160.25,158.99923706054688,59196500,158.25489985721424,buy
2023-03-27,2023-03-27,159.94000244140625,160.77000427246094,157.8699951171875,158.27999877929688,157.0446014404297,52390300,159.18372040493614,buy
2023-03-28,2023-03-28,157.97000122070312,158.49000549316406,155.97999572753906,157.64999389648438,156.4195098876953,45992200,159.8720712040439,buy
2023-03-29,2023-03-29,159.3699951171875,161.0500030517578,159.35000610351562,160.77000427246094,159.5151824951172,51305700,160.57159819425848,buy
2023-03-30,2023-03-30,161.52999877929688,162.47000122070312,161.27000427246094,162.36000061035156,161.0927734375,49501700,161.46406940914534,buy
2023-03-31,2023-03-31,162.44000244140625,165.0,161.91000366210938,164.89999389648438,163.61293029785156,68749800,161.6242009350709,sell
2023-04-03,2023-04-03,164.27000427246094,166.2899932861328,164.22000122070312,166.1699981689453,164.87303161621094,56976200,161.42592504752832,sell
2023-04-04,2023-04-04,166.60000610351562,166.83999633789062,165.11000061035156,165.6300048828125,164.33724975585938,46278300,160.81504897281414,sell
2023-04-05,2023-04-05,164.74000549316406,165.0500030517578,161.8000030517578,163.75999450683594,162.48182678222656,51511700,160.73731781573744,sell
2023-04-06,2023-04-06,162.42999267578125,164.9600067138672,162.0,164.66000366210938,163.37481689453125,45390100,160.68378749313206,buy
2023-04-10,2023-04-10,161.4199981689453,162.02999877929688,160.0800018310547,162.02999877929688,160.7653350830078,47716900,160.8711008834704,buy
2023-04-11,2023-04-11,162.35000610351562,162.36000061035156,160.50999450683594,160.8000030517578,159.54495239257812,47644200,161.101559072747,buy
2023-04-12,2023-04-12,161.22000122070312,162.05999755859375,159.77999877929688,160.10000610351562,158.8503875732422,50133100,161.81343757053278,buy
2023-04-13,2023-04-13,161.6300048828125,165.8000030517578,161.4199981689453,165.55999755859375,164.2677764892578,68445600,162.5552759534654,buy
2023-04-14,2023-04-14,164.58999633789062,166.32000732421875,163.82000732421875,165.2100067138672,163.92051696777344,49386500,163.1776914989209,sell
2023-04-17,2023-04-17,165.08999633789062,165.38999938964844,164.02999877929688,165.22999572753906,163.9403533935547,41516200,163.1486398128602,sell
2023-04-18,2023-04-18,166.10000610351562,167.41000366210938,165.64999389648438,166.47000122070312,165.1707000732422,49923000,162.96657260783107,sell
2023-04-19,2023-04-19,165.8000030517578,168.16000366210938,165.5399932861328,167.6300048828125,166.32164001464844,47720200,162.78060548907922,buy
2023-04-20,2023-04-20,166.08999633789062,167.8699951171875,165.55999755859375,166.64999389648438,165.34925842285156,52456400,163.02600088214868,buy
2023-04-21,2023-04-21,165.0500030517578,166.4499969482422,164.49000549316406,165.02000427246094,163.7320098876953,58337300,163.28508336968073,buy
2023-04-24,2023-04-24,165.0,165.60000610351562,163.88999938964844,165.3300018310547,164.03958129882812,41949600,163.65624830913504,buy
2023-04-25,2023-04-25,165.19000244140625,166.30999755859375,163.72999572753906,163.77000427246094,162.4917449951172,48714100,164.09998369791788,buy
2023-04-26,2023-04-26,163.05999755859375,165.27999877929688,162.8000030517578,163.75999450683594,162.48182678222656,45498800,164.36690875167594,buy
2023-04-27,2023-04-27,165.19000244140625,168.55999755859375,165.19000244140625,168.41000366210938,167.09555053710938,64902300,164.62101217127702,buy
2023-04-28,2023-04-28,168.49000549316406,169.85000610351562,167.8800048828125,169.67999267578125,168.35560607910156,55209200,165.85175014931042,buy
2023-05-01,2023-05-01,169.27999877929688,170.4499969482422,168.63999938964844,169.58999633789062,168.26632690429688,52472900,166.48819469947267,buy
2023-05-02,2023-05-02,170.08999633789062,170.35000610351562,167.5399932861328,168.5399932861328,167.22450256347656,48425700,166.74909358517695,buy
2023-05-03,2023-05-03,169.5,170.9199981689453,167.16000366210938,167.4499969482422,166.14303588867188,65136000,167.24398729424612,buy
2023-05-04,2023-05-04,164.88999938964844,167.0399932861328,164.30999755859375,165.7899932861328,164.4959716796875,81235400,167.89211021618635,buy
2023-05-05,2023-05-05,170.97999572753906,174.3000030517578,170.75999450683594,173.57000732421875,172.21527099609375,113316400,168.52750766622577,buy
2023-05-08,2023-05-08,172.47999572753906,173.85000610351562,172.11000061035156,173.5,172.1457977294922,55962800,169.30480855229757,sell
2023-05-09,2023-05-09,173.0500030517578,173.5399932861328,171.60000610351562,171.77000427246094,170.42930603027344,45326900,169.119354298912,sell
2023-05-10,2023-05-10,173.02000427246094,174.02999877929688,171.89999389648438,173.55999755859375,172.20535278320312,53724500,169.01915322797518,buy
2023-05-11,2023-05-11,173.85000610351562,174.58999633789062,172.1699981689453,173.75,172.39385986328125,49514700,169.42465877757994,buy
2023-05-12,2023-05-12,173.6199951171875,174.05999755859375,171.0,172.57000732421875,171.45989990234375,45497800,169.62226152932928,buy
2023-05-15,2023-05-15,173.16000366210938,173.2100067138672,171.47000122070312,172.07000732421875,170.963134765625,37266700,169.67778988992413,sell
2023-05-16,2023-05-16,171.99000549316406,173.13999938964844,171.8000030517578,172.07000732421875,170.963134765625,42110300,169.55311018244262,sell
2023-05-17,2023-05-17,171.7100067138672,172.92999267578125,170.4199981689453,172.69000244140625,171.5791473388672,57951600,169.5247102627849,buy
2023-05-18,2023-05-18,173.0,175.24000549316406,172.5800018310547,175.0500030517578,173.9239501953125,65496700,169.6382885720255,buy
2023-05-19,2023-05-19,176.38999938964844,176.38999938964844,174.94000244140625,175.16000366210938,174.03326416015625,55772400,169.97628821779375,buy
2023-05-22,2023-05-22,173.97999572753906,174.7100067138672,173.4499969482422,174.1999969482422,173.07940673828125,43570900,170.25351331765793,buy
2023-05-23,2023-05-23,173.1300048828125,173.3800048828125,171.27999877929688,171.55999755859375,170.45640563964844,50747300,170.51075803762748,buy
2023-05-24,2023-05-24,171.08999633789062,172.4199981689453,170.52000427246094,171.83999633789062,170.73460388183594,45143500,171.23437901536207,buy
2023-05-25,2023-05-25,172.41000366210938,173.89999389648438,171.69000244140625,172.99000549316406,171.87721252441406,56058300,172.38376372466942,buy
2023-05-26,2023-05-26,173.32000732421875,175.77000427246094,173.11000061035156,175.42999267578125,174.30149841308594,54835000,173.32728641289134,buy
2023-05-30,2023-05-30,176.9600067138672,178.99000549316406,176.57000732421875,177.3000030517578,176.15948486328125,55964400,174.0829721607135,buy
2023-05-31,2023-05-31,177.3300018310547,179.35000610351562,176.75999450683594,177.25,176.10980224609375,99625300,174.37274109266124,buy
2023-06-01,2023-06-01,177.6999969482422,180.1199951171875,176.92999267578125,180.08999633789062,178.9315185546875,68901800,174.76860904725802,buy
2023-06-02,2023-06-02,181.02999877929688,181.77999877929688,179.25999450683594,180.9499969482422,179.78598022460938,61945900,175.21700296311786,buy
2023-06-05,2023-06-05,182.6300048828125,184.9499969482422,178.0399932861328,179.5800018310547,178.42481994628906,121946500,175.66336678690288,buy
2023-06-06,2023-06-06,179.97000122070312,180.1199951171875,177.42999267578125,179.2100067138672,178.0572052001953,64848400,175.9476437855534,buy
2023-06-07,2023-06-07,178.44000244140625,181.2100067138672,177.32000732421875,177.82000732421875,176.67613220214844,61944600,176.4731598308675,buy
2023-06-08,2023-06-08,177.89999389648438,180.83999633789065,177.4600067138672,180.57000732421875,179.40846252441406,50214900,177.28861576325144,buy
2023-06-09,2023-06-09,181.5,182.22999572753903,180.6300048828125,180.9600067138672,179.79591369628906,48870700,178.13706603419934,buy
2023-06-12,2023-06-12,181.2700042724609,183.88999938964844,180.97000122070312,183.7899932861328,182.60772705078125,54274900,178.66610802890662,buy
2023-06-13,2023-06-13,182.8000030517578,184.1499938964844,182.44000244140625,183.3099975585937,182.13082885742188,54929100,179.02290205340998,buy
2023-06-14,2023-06-14,183.3699951171875,184.38999938964844,182.0200042724609,183.9499969482422,182.7666778564453,57462900,179.40405718281164,buy
2023-06-15,2023-06-15,183.9600067138672,186.5200042724609,183.77999877929688,186.009994506836,184.81344604492188,65433200,179.80351519497236,buy
2023-06-16,2023-06-16,186.72999572753903,186.9900054931641,184.2700042724609,184.9199981689453,183.7304534912109,101235600,179.95981091534594,buy
2023-06-20,2023-06-20,184.41000366210932,186.1000061035156,184.41000366210932,185.009994506836,183.81985473632807,49799100,180.20231075603496,buy
2023-06-21,2023-06-21,184.8999938964844,185.41000366210932,182.58999633789065,183.9600067138672,182.77664184570312,49515700,180.71368026499584,buy
2023-06-22,2023-06-22,183.7400054931641,187.0500030517578,183.6699981689453,187.0,185.79708862304688,51245300,181.2533214772729,buy
2023-06-23,2023-06-23,185.5500030517578,187.5599975585937,185.009994506836,186.67999267578125,185.47911071777344,53079300,182.42829603141857,buy
2023-06-26,2023-06-26,186.8300018310547,188.0500030517578,185.22999572753903,185.2700042724609,184.0782012939453,48088700,183.06659971853355,buy
2023-06-27,2023-06-27,185.88999938964844,188.38999938964844,185.6699981689453,188.0599975585937,186.85025024414065,50730800,183.60876251886148,buy
2023-06-28,2023-06-28,187.92999267578125,189.8999938964844,187.6000061035156,189.25,188.0325927734375,51216800,184.36902131619962,buy
2023-06-29,2023-06-29,189.0800018310547,190.07000732421875,188.94000244140625,189.58999633789065,188.3704071044922,46347300,184.67285130693952,sell
2023-06-30,2023-06-30,191.6300048828125,194.47999572753903,191.259994506836,193.97000122070312,192.7222442626953,85069600,184.59865678395113,sell
2023-07-03,2023-07-03,193.77999877929688,193.8800048828125,191.759994506836,192.4600067138672,191.22195434570312,31458200,184.4235560001473,sell
2023-07-05,2023-07-05,191.57000732421875,192.97999572753903,190.6199951171875,191.3300018310547,190.09922790527344,46920300,183.93573555925474,sell
2023-07-06,2023-07-06,189.83999633789065,192.0200042724609,189.1999969482422,191.8099975585937,190.5761260986328,45094300,183.71238269224014,sell
2023-07-07,2023-07-07,191.41000366210932,192.6699981689453,190.2400054931641,190.67999267578125,189.45339965820312,46778000,183.63786762839783,buy
2023-07-10,2023-07-10,189.259994506836,189.9900054931641,187.0399932861328,188.6100006103516,187.396728515625,59922200,183.89156502958394,buy
2023-07-11,2023-07-11,189.16000366210932,189.3000030517578,186.6000061035156,188.0800018310547,186.87013244628903,46638100,184.24597636707313,buy
2023-07-12,2023-07-12,189.67999267578125,191.6999969482422,188.47000122070312,189.7700042724609,188.5492706298828,60750200,184.99822164306318,buy
2023-07-13,2023-07-13,190.5,191.19000244140625,189.77999877929688,190.5399932861328,189.3142852783203,41342300,185.58177695232786,buy
2023-07-14,2023-07-14,190.22999572753903,191.17999267578125,189.6300048828125,190.69000244140625,189.46334838867188,41573900,185.83205525107212,buy
2023-07-17,2023-07-17,191.8999938964844,194.32000732421875,191.8099975585937,193.9900054931641,192.7421264648437,50520200,186.08662879725895,buy
2023-07-18,2023-07-18,193.3500061035156,194.3300018310547,192.4199981689453,193.72999572753903,192.48377990722656,48353800,186.42364545107517,buy
2023-07-19,2023-07-19,193.1000061035156,198.22999572753903,192.6499938964844,195.1000061035156,193.8449859619141,80507300,186.4822830579531,sell
2023-07-20,2023-07-20,195.08999633789065,196.47000122070312,192.5,193.1300048828125,191.8876495361328,59581200,186.42364545107517,buy
2023-07-21,2023-07-21,194.1000061035156,194.97000122070312,191.22999572753903,191.94000244140625,190.705322265625,71917800,186.50754167724236,buy
2023-07-24,2023-07-24,193.41000366210932,194.91000366210932,192.25,192.75,191.5100860595703,45377800,186.88864338316833,buy
2023-07-25,2023-07-25,193.3300018310547,194.44000244140625,192.9199981689453,193.6199951171875,192.3744964599609,37283200,187.30915024473677,sell
2023-07-26,2023-07-26,193.6699981689453,195.63999938964844,193.32000732421875,194.5,193.24884033203125,47471900,187.28968273020843,sell
2023-07-27,2023-07-27,196.0200042724609,197.1999969482422,192.5500030517578,193.22000122070312,191.97706604003903,47460200,187.0090385279024,sell
2023-07-28,2023-07-28,194.6699981689453,196.6300048828125,194.13999938964844,195.8300018310547,194.57028198242188,48291400,185.5702374815866,sell
2023-07-31,2023-07-31,196.0599975585937,196.4900054931641,195.259994506836,196.4499969482422,195.186279296875,38824100,183.90549787203452,sell
2023-08-01,2023-08-01,196.2400054931641,196.72999572753903,195.27999877929688,195.6100006103516,194.3516845703125,35175100,182.03341106877383,sell
2023-08-02,2023-08-02,195.0399932861328,195.17999267578125,191.8500061035156,192.5800018310547,191.34117126464844,50389300,179.8816844245494,sell
2023-08-03,2023-08-03,191.57000732421875,192.3699951171875,190.69000244140625,191.1699981689453,189.9402618408203,61235200,177.78372316622324,sell
2023-08-04,2023-08-04,185.5200042724609,187.3800048828125,181.9199981689453,181.9900054931641,180.81930541992188,115799700,176.01023472962973,sell
2023-08-07,2023-08-07,182.1300048828125,183.1300048828125,177.35000610351562,178.85000610351562,177.6995086669922,97576100,174.59677778016422,sell
2023-08-08,2023-08-08,179.69000244140625,180.2700042724609,177.5800018310547,179.8000030517578,178.6433868408203,67823000,174.04655871970766,sell
2023-08-09,2023-08-09,180.8699951171875,180.92999267578125,177.00999450683594,178.19000244140625,177.04376220703125,60378500,173.76980374642926,sell
2023-08-10,2023-08-10,179.47999572753906,180.75,177.60000610351562,177.97000122070312,176.8251495361328,54686900,173.06434675041706,sell
2023-08-11,2023-08-11,177.32000732421875,178.6199951171875,176.5500030517578,177.7899932861328,176.88485717773438,51988100,172.6132816607745,sell
2023-08-14,2023-08-14,177.97000122070312,179.69000244140625,177.30999755859375,179.4600067138672,178.54637145996094,43675600,172.35322686598553,sell
2023-08-15,2023-08-15,178.8800048828125,179.47999572753906,177.0500030517578,177.4499969482422,176.54660034179688,43622600,172.28482344775804,buy
2023-08-16,2023-08-16,177.1300048828125,178.5399932861328,176.5,176.57000732421875,175.67108154296875,46964900,172.48755485317017,sell
2023-08-17,2023-08-17,177.13999938964844,177.50999450683594,173.47999572753906,174.0,173.11415100097656,66062900,172.35689171641542,buy
2023-08-18,2023-08-18,172.3000030517578,175.10000610351562,171.9600067138672,174.49000549316406,173.60165405273438,61114200,172.60595195991476,buy
2023-08-21,2023-08-21,175.07000732421875,176.1300048828125,173.74000549316406,175.83999633789062,174.9447784423828,46311900,173.3601418504186,buy
2023-08-22,2023-08-22,177.05999755859375,177.67999267578125,176.25,177.22999572753906,176.32769775390625,42084200,174.52897270486406,buy
2023-08-23,2023-08-23,178.52000427246094,181.5500030517578,178.3300018310547,181.1199951171875,180.19790649414065,52722800,175.9548666394618,buy
2023-08-24,2023-08-24,180.6699981689453,181.1000061035156,176.00999450683594,176.3800048828125,175.48202514648438,54945800,177.23235015869255,buy
2023-08-25,2023-08-25,177.3800048828125,179.14999389648438,175.82000732421875,178.61000061035156,177.70069885253906,51449600,178.22891167354385,buy
2023-08-28,2023-08-28,180.08999633789062,180.58999633789065,178.5500030517578,180.19000244140625,179.2726593017578,43820700,179.81180651839387,buy
2023-08-29,2023-08-29,179.6999969482422,184.8999938964844,179.5,184.1199951171875,183.18263244628903,53003900,180.32052622296231,sell
2023-08-30,2023-08-30,184.94000244140625,187.8500061035156,184.7400054931641,187.6499938964844,186.6946563720703,60813900,180.0095161170945,sell
2023-08-31,2023-08-31,187.83999633789065,189.1199951171875,187.47999572753903,187.8699951171875,186.91354370117188,60794500,179.30556566309576,sell
2023-09-01,2023-09-01,189.4900054931641,189.9199981689453,188.27999877929688,189.4600067138672,188.49546813964844,45732600,178.31951788825316,sell
2023-09-05,2023-09-05,188.27999877929688,189.97999572753903,187.6100006103516,189.6999969482422,188.73423767089844,45280000,176.93639478826407,sell
2023-09-06,2023-09-06,188.3999938964844,188.8500061035156,181.47000122070312,182.91000366210932,181.9788055419922,81755800,175.10105265155823,sell
2023-09-07,2023-09-07,175.17999267578125,178.2100067138672,173.5399932861328,177.55999755859375,176.65603637695312,112488800,173.40881063673947,sell
2023-09-08,2023-09-08,178.35000610351562,180.2400054931641,177.7899932861328,178.17999267578125,177.27285766601562,65551300,172.44604481258696,buy
2023-09-11,2023-09-11,180.07000732421875,180.3000030517578,177.33999633789062,179.36000061035156,178.4468536376953,58953100,172.49611329396996,buy
2023-09-12,2023-09-12,179.49000549316406,180.1300048828125,174.82000732421875,176.3000030517578,175.40245056152344,90370200,172.60473390466984,sell
2023-09-13,2023-09-13,176.50999450683594,177.3000030517578,173.97999572753906,174.2100067138672,173.32308959960938,84267900,172.13206436147277,sell
2023-09-14,2023-09-14,174.0,176.10000610351562,173.5800018310547,175.74000549316406,174.84530639648438,60895800,171.84216721318344,buy
2023-09-15,2023-09-15,176.47999572753906,176.5,173.82000732421875,175.00999450683594,174.11900329589844,109205100,171.91313495824232,buy
2023-09-18,2023-09-18,176.47999572753906,179.3800048828125,176.1699981689453,177.97000122070312,177.06393432617188,67257600,171.9547304763866,sell
2023-09-19,2023-09-19,177.52000427246094,179.6300048828125,177.1300048828125,179.07000732421875,178.15834045410156,51826900,171.58133243564995,sell
2023-09-20,2023-09-20,179.25999450683594,179.6999969482422,175.39999389648438,175.49000549316406,174.59657287597656,58436200,170.6558989362845,sell
2023-09-21,2023-09-21,174.5500030517578,176.3000030517578,173.86000061035156,173.92999267578125,173.04452514648438,63047900,169.6234795845742,sell
2023-09-22,2023-09-22,174.6699981689453,177.0800018310547,174.0500030517578,174.7899932861328,173.90011596679688,56725400,169.094608544989,sell
2023-09-25,2023-09-25,174.1999969482422,176.97000122070312,174.14999389648438,176.0800018310547,175.18356323242188,46172700,169.07235232503152,sell
2023-09-26,2023-09-26,174.82000732421875,175.1999969482422,171.66000366210938,171.9600067138672,171.08453369140625,64588900,168.77653585563974,sell
2023-09-27,2023-09-27,172.6199951171875,173.0399932861328,169.0500030517578,170.42999267578125,169.56231689453125,66921800,168.47666988679336,buy
2023-09-28,2023-09-28,169.33999633789062,172.02999877929688,167.6199951171875,170.69000244140625,169.82101440429688,56294400,168.84217193782834,buy
2023-09-29,2023-09-29,172.02000427246094,173.07000732421875,170.33999633789062,171.2100067138672,170.33836364746094,51814200,169.71481235855242,buy
2023-10-02,2023-10-02,171.22000122070312,174.3000030517578,170.92999267578125,173.75,172.8654327392578,52164500,170.73703851110793,buy
2023-10-03,2023-10-03,172.25999450683594,173.6300048828125,170.82000732421875,172.39999389648438,171.5222930908203,49594600,171.61808778689996,buy
2023-10-04,2023-10-04,171.08999633789062,174.2100067138672,170.97000122070312,173.66000366210938,172.77589416503906,53020300,172.3581311410506,buy
2023-10-05,2023-10-05,173.7899932861328,175.4499969482422,172.67999267578125,174.91000366210938,174.01953125,48527900,173.37109366292768,buy
2023-10-06,2023-10-06,173.8000030517578,177.99000549316406,173.17999267578125,177.49000549316406,176.58641052246094,57224100,174.00169368485336,buy
2023-10-09,2023-10-09,176.80999755859375,179.0500030517578,175.8000030517578,178.99000549316406,178.07875061035156,42390800,174.46358237066346,sell
2023-10-10,2023-10-10,178.10000610351562,179.72000122070312,177.9499969482422,178.38999938964844,177.4818115234375,43698000,174.42239287093415,sell
2023-10-11,2023-10-11,178.1999969482422,179.85000610351562,177.60000610351562,179.8000030517578,178.88462829589844,47551100,174.04051118226363,sell
2023-10-12,2023-10-12,180.07000732421875,182.33999633789065,179.0399932861328,180.7100067138672,179.79000854492188,56743100,173.68475357318795,sell
2023-10-13,2023-10-13,181.4199981689453,181.92999267578125,178.13999938964844,178.85000610351562,177.93946838378906,51427100,172.84257521828184,sell
2023-10-16,2023-10-16,176.75,179.0800018310547,176.50999450683594,178.72000122070312,177.8101348876953,52517000,171.90090098231755,sell
2023-10-17,2023-10-17,176.64999389648438,178.4199981689453,174.8000030517578,177.14999389648438,176.24810791015625,57549400,171.23806523518218,sell
2023-10-18,2023-10-18,175.5800018310547,177.5800018310547,175.11000061035156,175.83999633789062,174.9447784423828,54764400,170.30155170696608,sell
2023-10-19,2023-10-19,176.0399932861328,177.83999633789062,175.19000244140625,175.4600067138672,174.56674194335938,59302900,169.03523369414705,sell
2023-10-20,2023-10-20,175.30999755859375,175.4199981689453,172.63999938964844,172.8800048828125,171.99986267089844,64189300,168.09083486092442,sell
2023-10-23,2023-10-23,170.91000366210938,174.00999450683594,169.92999267578125,173.0,172.11924743652344,55980100,167.44818250289117,sell
2023-10-24,2023-10-24,173.0500030517578,173.6699981689453,171.4499969482422,173.44000244140625,172.55702209472656,43816600,167.1854458496244,buy
2023-10-25,2023-10-25,171.8800048828125,173.05999755859375,170.64999389648438,171.10000610351562,170.2289276123047,57157000,167.30625769746854,buy
2023-10-26,2023-10-26,170.3699951171875,171.3800048828125,165.6699981689453,166.88999938964844,166.04037475585938,70625300,167.82003126283385,buy
2023-10-27,2023-10-27,166.91000366210938,168.9600067138672,166.8300018310547,168.22000122070312,167.36358642578125,58499100,168.50891629669815,buy
2023-10-30,2023-10-30,169.02000427246094,171.1699981689453,168.8699951171875,170.2899932861328,169.42303466796875,51131000,170.03422063479306,buy
2023-10-31,2023-10-31,169.35000610351562,170.89999389648438,167.89999389648438,170.77000427246094,169.90060424804688,44846000,171.70505052056967,buy
2023-11-01,2023-11-01,171.0,174.22999572753906,170.1199951171875,173.97000122070312,173.08432006835938,56934900,173.24332607855337,buy
2023-11-02,2023-11-02,175.52000427246094,177.77999877929688,175.4600067138672,177.57000732421875,176.66600036621094,77334800,174.65608852283538,buy
2023-11-03,2023-11-03,174.24000549316406,176.82000732421875,173.35000610351562,176.64999389648438,175.7506561279297,79763700,176.15582438548222,buy
2023-11-06,2023-11-06,176.3800048828125,179.42999267578125,176.2100067138672,179.22999572753906,178.31753540039062,63841300,177.02391312608057,buy
2023-11-07,2023-11-07,179.17999267578125,182.44000244140625,178.97000122070312,181.82000732421875,180.89434814453125,70530000,178.31355582837017,buy
2023-11-08,2023-11-08,182.3500061035156,183.4499969482422,181.58999633789065,182.88999938964844,181.95887756347656,49340300,179.35779245289518,buy
2023-11-09,2023-11-09,182.9600067138672,184.1199951171875,181.8099975585937,182.41000366210932,181.48133850097656,53763500,180.29214767269485,buy
2023-11-10,2023-11-10,183.97000122070312,186.57000732421875,183.52999877929688,186.3999938964844,185.69534301757807,66133400,181.09439732189713,buy
2023-11-13,2023-11-13,185.82000732421875,186.02999877929688,184.2100067138672,184.8000030517578,184.1013946533203,43627500,182.15652012607111,buy
2023-11-14,2023-11-14,187.6999969482422,188.1100006103516,186.3000030517578,187.44000244140625,186.73141479492188,60108400,182.65299517001964,buy
2023-11-15,2023-11-15,187.8500061035156,189.5,187.77999877929688,188.009994506836,187.2992553710937,53790500,183.41304027345518,buy
2023-11-16,2023-11-16,189.57000732421875,190.9600067138672,188.6499938964844,189.7100067138672,188.9928436279297,54412900,183.70770279577283,buy
2023-11-17,2023-11-17,190.25,190.3800048828125,188.57000732421875,189.69000244140625,188.9729156494141,50922700,183.9148149261886,buy
2023-11-20,2023-11-20,189.88999938964844,191.91000366210932,189.8800048828125,191.4499969482422,190.72625732421875,46505100,183.99503561723077,sell
2023-11-21,2023-11-21,191.41000366210932,191.5200042724609,189.7400054931641,190.63999938964844,189.91932678222656,38134500,183.95783150878526,sell
2023-11-22,2023-11-22,191.4900054931641,192.92999267578125,190.8300018310547,191.3099975585937,190.5867919921875,39617700,183.78335043729902,buy
2023-11-24,2023-11-24,190.8699951171875,190.8999938964844,189.25,189.97000122070312,189.2518615722656,24048300,183.85316423528377,sell
2023-11-27,2023-11-27,189.9199981689453,190.6699981689453,188.8999938964844,189.7899932861328,189.0725250244141,40552600,183.63438441778518,buy
2023-11-28,2023-11-28,189.77999877929688,191.0800018310547,189.3999938964844,190.3999938964844,189.6802215576172,38415400,184.03570156689867,buy
2023-11-29,2023-11-29,190.8999938964844,192.08999633789065,188.97000122070312,189.3699951171875,188.6541290283203,43014200,184.32957342177664,buy
2023-11-30,2023-11-30,189.83999633789065,190.32000732421875,188.19000244140625,189.9499969482422,189.2319183349609,48794400,184.77828787849043,buy
2023-12-01,2023-12-01,190.3300018310547,191.5599975585937,189.22999572753903,191.2400054931641,190.51705932617188,45679300,185.51136481141577,buy
2023-12-04,2023-12-04,189.97999572753903,190.0500030517578,187.4499969482422,189.42999267578125,188.71388244628903,43389500,185.88389739184683,buy
2023-12-05,2023-12-05,190.2100067138672,194.3999938964844,190.17999267578125,193.4199981689453,192.68881225585932,66628400,186.28337677339783,buy
2023-12-06,2023-12-06,194.4499969482422,194.759994506836,192.1100006103516,192.32000732421875,191.59298706054688,41089700,187.26222306372222,buy
2023-12-07,2023-12-07,193.6300048828125,195.0,193.58999633789065,194.2700042724609,193.5355987548828,47477700,187.79846654294766,buy
2023-12-08,2023-12-08,194.1999969482422,195.9900054931641,193.6699981689453,195.7100067138672,194.9701538085937,53377300,188.39710864173705,buy
2023-12-11,2023-12-11,193.1100006103516,193.4900054931641,191.4199981689453,193.17999267578125,192.44972229003903,60943700,188.58148374091445,buy
2023-12-12,2023-12-12,193.0800018310547,194.72000122070312,191.72000122070312,194.7100067138672,193.9739532470703,52696900,188.72134640017683,buy
2023-12-13,2023-12-13,195.08999633789065,198.0,194.8500061035156,197.9600067138672,197.211654663086,70404200,188.90886279972267,sell
2023-12-14,2023-12-14,198.0200042724609,199.6199951171875,196.16000366210932,198.1100006103516,197.361083984375,66831600,188.90544369728082,sell
2023-12-15,2023-12-15,197.52999877929688,198.3999938964844,197.0,197.57000732421875,196.8231201171875,128256700,188.4096311044304,sell
2023-12-18,2023-12-18,196.08999633789065,196.6300048828125,194.38999938964844,195.88999938964844,195.14947509765625,55751900,187.8327003061468,sell
2023-12-19,2023-12-19,196.16000366210932,196.9499969482422,195.88999938964844,196.94000244140625,196.1955108642578,40714100,187.32744244280073,sell
2023-12-20,2023-12-20,196.8999938964844,197.67999267578125,194.8300018310547,194.8300018310547,194.093490600586,52242800,187.0628893913617,sell
2023-12-21,2023-12-21,196.1000061035156,197.0800018310547,193.5,194.67999267578125,193.94403076171875,46482500,186.55694770752726,sell
2023-12-22,2023-12-22,195.17999267578125,195.41000366210932,192.97000122070312,193.6000061035156,192.86813354492188,37122800,185.49867139360038,sell
2023-12-26,2023-12-26,193.6100006103516,193.88999938964844,192.8300018310547,193.0500030517578,192.3202209472656,28919300,184.2912794744278,sell
2023-12-27,2023-12-27,192.4900054931641,193.5,191.08999633789065,193.1499938964844,192.4198303222656,48087700,182.9299638372007,sell
2023-12-28,2023-12-28,194.13999938964844,194.66000366210932,193.1699981689453,193.5800018310547,192.84820556640625,34049900,181.539115702632,sell
2023-12-29,2023-12-29,193.8999938964844,194.3999938964844,191.72999572753903,192.52999877929688,191.8021697998047,42628800,180.64523410798785,sell
2024-01-02,2024-01-02,187.1499938964844,188.44000244140625,183.88999938964844,185.63999938964844,184.938217163086,82488700,179.6471339970377,sell
2024-01-03,2024-01-03,184.22000122070312,185.8800048828125,183.42999267578125,184.25,183.553466796875,58414500,178.89450407202295,sell
2024-01-04,2024-01-04,182.1499938964844,183.08999633789065,180.8800048828125,181.91000366210932,181.22232055664065,71983600,178.88857406622535,buy
2024-01-05,2024-01-05,181.9900054931641,182.759994506836,180.1699981689453,181.17999267578125,180.49508666992188,62303300,179.08706364767053,buy
2024-01-08,2024-01-08,182.08999633789065,185.6000061035156,181.5,185.5599975585937,184.8585205078125,59144500,179.29131227979124,buy
2024-01-09,2024-01-09,183.9199981689453,185.1499938964844,182.72999572753903,185.13999938964844,184.4401092529297,42841800,179.46928724658525,buy
2024-01-10,2024-01-10,184.3500061035156,186.3999938964844,183.9199981689453,186.19000244140625,185.4861602783203,46792900,179.83313316987497,buy
2024-01-11,2024-01-11,186.5399932861328,187.0500030517578,183.6199951171875,185.58999633789065,184.888412475586,49128400,180.59213117318768,buy
2024-01-12,2024-01-12,186.0599975585937,186.7400054931641,185.19000244140625,185.9199981689453,185.2171630859375,40444700,181.49915494284272,buy
2024-01-16,2024-01-16,182.16000366210932,184.259994506836,180.92999267578125,183.6300048828125,182.93582153320312,65603000,182.6237191053612,buy
2024-01-17,2024-01-17,181.2700042724609,182.92999267578125,180.3000030517578,182.67999267578125,181.98941040039065,47317400,183.6250673636311,buy
2024-01-18,2024-01-18,186.08999633789065,189.13999938964844,185.8300018310547,188.6300048828125,187.9169158935547,78005800,184.84891371330514,buy
2024-01-19,2024-01-19,189.3300018310547,191.9499969482422,188.82000732421875,191.5599975585937,190.83583068847656,68741000,185.973755677897,buy
2024-01-22,2024-01-22,192.3000030517578,195.3300018310547,192.259994506836,193.88999938964844,193.1570281982422,60133900,186.33053901770523,sell
2024-01-23,2024-01-23,195.0200042724609,195.75,193.8300018310547,195.17999267578125,194.4421539306641,42355600,185.92537537834468,sell
2024-01-24,2024-01-24,195.4199981689453,196.3800048828125,194.33999633789065,194.5,193.7647247314453,53631300,184.82921113548392,sell
2024-01-25,2024-01-25,195.22000122070312,196.2700042724609,193.1100006103516,194.1699981689453,193.4359893798828,54822100,183.86363523651198,sell
2024-01-26,2024-01-26,194.2700042724609,194.759994506836,191.94000244140625,192.4199981689453,191.6925811767578,44594000,182.85521371006547,sell
2024-01-29,2024-01-29,192.009994506836,192.1999969482422,189.5800018310547,191.72999572753903,191.00518798828125,47145600,182.09555325565466,sell
2024-01-30,2024-01-30,190.94000244140625,191.8000030517578,187.47000122070312,188.0399932861328,187.3291473388672,55859400,181.72945286169235,sell
2024-01-31,2024-01-31,187.0399932861328,187.1000061035156,184.3500061035156,184.3999938964844,183.70291137695312,55467800,181.45682218073443,buy
2024-02-01,2024-02-01,183.9900054931641,186.9499969482422,183.82000732421875,186.8600006103516,186.15362548828125,64885400,181.4897524111276,buy
2024-02-02,2024-02-02,179.86000061035156,187.3300018310547,179.25,185.8500061035156,185.14743041992188,102518000,182.0123194805856,buy
2024-02-05,2024-02-05,188.1499938964844,189.25,185.83999633789065,187.67999267578125,186.9705047607422,69668800,182.04631818049185,sell
2024-02-06,2024-02-06,186.8600006103516,189.3099975585937,186.7700042724609,189.3000030517578,188.5843811035156,43490800,181.9513312407789,sell
2024-02-07,2024-02-07,190.63999938964844,191.0500030517578,188.6100006103516,189.41000366210932,188.6939697265625,53439000,181.5367650697032,sell
2024-02-08,2024-02-08,189.38999938964844,189.5399932861328,187.3500061035156,188.32000732421875,187.60809326171875,40962000,180.89645265990362,sell
2024-02-09,2024-02-09,188.6499938964844,189.9900054931641,188.0,188.8500061035156,188.37615966796875,45155200,180.0580246329884,sell
2024-02-12,2024-02-12,188.4199981689453,188.6699981689453,186.7899932861328,187.1499938964844,186.680419921875,41781900,179.25688619207975,sell
2024-02-13,2024-02-13,185.7700042724609,186.2100067138672,183.509994506836,185.0399932861328,184.57571411132807,56529500,178.4803652887525,sell
2024-02-14,2024-02-14,185.32000732421875,185.52999877929688,182.44000244140625,184.1499938964844,183.6879425048828,54630500,178.14900083866047,sell
2024-02-15,2024-02-15,183.5500030517578,184.4900054931641,181.3500061035156,183.8600006103516,183.398681640625,65434500,177.84821598603284,sell
2024-02-16,2024-02-16,183.4199981689453,184.8500061035156,181.6699981689453,182.3099975585937,181.85255432128903,49701400,177.49085567268753,sell
2024-02-20,2024-02-20,181.7899932861328,182.42999267578125,180.0,181.5599975585937,181.1044464111328,53665600,177.34368468195566,sell
2024-02-21,2024-02-21,181.94000244140625,182.88999938964844,180.66000366210932,182.32000732421875,181.862548828125,41529700,177.23713690211116,sell
2024-02-22,2024-02-22,183.47999572753903,184.9600067138672,182.4600067138672,184.3699951171875,183.9073944091797,52292200,177.14011987032333,sell
2024-02-23,2024-02-23,185.009994506836,185.0399932861328,182.22999572753903,182.5200042724609,182.06204223632807,45119700,176.8212671982295,sell
2024-02-26,2024-02-26,182.2400054931641,182.759994506836,180.6499938964844,181.16000366210932,180.70545959472656,40867400,175.70675733382913,sell
2024-02-27,2024-02-27,181.1000061035156,183.9199981689453,179.55999755859375,182.6300048828125,182.17176818847656,54318900,174.20787624679275,sell
2024-02-28,2024-02-28,182.509994506836,183.1199951171875,180.1300048828125,181.4199981689453,180.9647979736328,48953900,172.74380589649255,sell
2024-02-29,2024-02-29,181.2700042724609,182.57000732421875,179.52999877929688,180.75,180.2964782714844,136682600,171.07606388760874,sell
2024-03-01,2024-03-01,179.5500030517578,180.52999877929688,177.3800048828125,179.66000366210938,179.209228515625,73488000,169.7604680608464,sell
2024-03-04,2024-03-04,176.14999389648438,176.89999389648438,173.7899932861328,175.10000610351562,174.66065979003906,81510100,168.77158884179414,sell
2024-03-05,2024-03-05,170.75999450683594,172.0399932861328,169.6199951171875,170.1199951171875,169.6931610107422,95132400,167.97408319723,sell
2024-03-06,2024-03-06,171.05999755859375,171.24000549316406,168.67999267578125,169.1199951171875,168.69564819335938,68587700,167.48052507505216,buy
2024-03-07,2024-03-07,169.14999389648438,170.72999572753906,168.49000549316406,169.0,168.57595825195312,71765100,167.838665371142,buy
2024-03-08,2024-03-08,169.0,173.6999969482422,168.94000244140625,170.72999572753906,170.30160522460938,76114600,168.2732760302831,buy
2024-03-11,2024-03-11,172.94000244140625,174.3800048828125,172.0500030517578,172.75,172.31655883789062,60139500,168.85824171930508,buy
2024-03-12,2024-03-12,173.14999389648438,174.02999877929688,171.00999450683594,173.22999572753906,172.7953338623047,59825400,169.51976324893934,buy
2024-03-13,2024-03-13,172.77000427246094,173.19000244140625,170.75999450683594,171.1300048828125,170.70062255859375,52488700,170.24983778253292,sell
2024-03-14,2024-03-14,172.91000366210938,174.30999755859375,172.0500030517578,173.0,172.56593322753906,72913500,170.02067244136717,buy
2024-03-15,2024-03-15,171.1699981689453,172.6199951171875,170.2899932861328,172.6199951171875,172.18687438964844,121664700,170.16237286819208,sell
2024-03-18,2024-03-18,175.57000732421875,177.7100067138672,173.52000427246094,173.72000122070312,173.28411865234375,75604200,169.8973924289478,sell
2024-03-19,2024-03-19,174.33999633789062,176.61000061035156,173.02999877929688,176.0800018310547,175.63819885253906,55215200,169.53829051029618,sell
2024-03-20,2024-03-20,175.72000122070312,178.6699981689453,175.08999633789062,178.6699981689453,178.22171020507812,53423100,169.48765574007123,sell
2024-03-21,2024-03-21,177.0500030517578,177.49000549316406,170.83999633789062,171.3699951171875,170.9400177001953,106181300,168.918920102953,sell
2024-03-22,2024-03-22,171.75999450683594,173.0500030517578,170.05999755859375,172.27999877929688,171.8477325439453,71106600,167.8473627129785,sell
2024-03-25,2024-03-25,170.57000732421875,171.94000244140625,169.4499969482422,170.85000610351562,170.42132568359375,54288300,167.53278391893699,sell
2024-03-26,2024-03-26,170.0,171.4199981689453,169.5800018310547,169.7100067138672,169.28419494628906,57388400,167.20538349073848,sell
2024-03-27,2024-03-27,170.41000366210938,173.60000610351562,170.11000061035156,173.30999755859375,172.87513732910156,60273300,166.952391279431,sell
2024-03-28,2024-03-28,171.75,172.22999572753906,170.50999450683594,171.47999572753906,171.04974365234375,65672700,166.9361932816127,sell
2024-04-01,2024-04-01,171.19000244140625,171.25,169.47999572753906,170.02999877929688,169.60337829589844,46240500,166.32952697678004,sell
2024-04-02,2024-04-02,169.0800018310547,169.33999633789062,168.22999572753906,168.83999633789062,168.41635131835938,49329500,166.1032465032996,sell
2024-04-03,2024-04-03,168.7899932861328,170.67999267578125,168.5800018310547,169.64999389648438,169.2243194580078,47691700,165.8217154712977,buy
2024-04-04,2024-04-04,170.2899932861328,171.9199981689453,168.82000732421875,168.82000732421875,168.39642333984375,53704400,166.59681531017256,buy
2024-04-05,2024-04-05,169.58999633789062,170.38999938964844,168.9499969482422,169.5800018310547,169.1544952392578,42055200,167.45687984472767,buy
2024-04-08,2024-04-08,169.02999877929688,169.1999969482422,168.24000549316406,168.4499969482422,168.02734375,37425500,167.93807577463912,sell
2024-04-09,2024-04-09,168.6999969482422,170.0800018310547,168.35000610351562,169.6699981689453,169.24427795410156,42451200,167.91322317376486,sell
2024-04-10,2024-04-10,168.8000030517578,169.08999633789062,167.11000061035156,167.77999877929688,167.35902404785156,49709300,167.85731016414528,sell
2024-04-11,2024-04-11,168.33999633789062,175.4600067138672,168.16000366210938,175.0399932861328,174.60079956054688,91070300,167.53028370027639,sell
2024-04-12,2024-04-12,174.25999450683594,178.36000061035156,174.2100067138672,176.5500030517578,176.10702514648438,101593300,167.1841957402941,sell
2024-04-15,2024-04-15,175.36000061035156,176.6300048828125,172.5,172.69000244140625,172.25669860839844,73531800,166.0357085453777,sell
2024-04-16,2024-04-16,171.75,173.75999450683594,168.27000427246094,169.3800048828125,168.95501708984375,73711200,164.82589120041044,sell
2024-04-17,2024-04-17,169.61000061035156,170.64999389648438,168.0,168.0,167.57847595214844,50901200,164.3643978483202,buy
2024-04-18,2024-04-18,168.02999877929688,168.63999938964844,166.5500030517578,167.0399932861328,166.62088012695312,43122900,164.42855944258076,buy
2024-04-19,2024-04-19,166.2100067138672,166.39999389648438,164.0800018310547,165.0,164.58599853515625,67772100,164.5920887015579,buy
2024-04-22,2024-04-22,165.52000427246094,167.25999450683594,164.77000427246094,165.83999633789062,165.4238739013672,48116400,165.40323870180413,buy
2024-04-23,2024-04-23,165.35000610351562,167.0500030517578,164.9199981689453,166.89999389648438,166.48121643066406,49537800,166.07073297601653,buy
2024-04-24,2024-04-24,166.5399932861328,169.3000030517578,166.2100067138672,169.02000427246094,168.59591674804688,48251800,166.50317464204608,buy
2024-04-25,2024-04-25,169.52999877929688,170.61000061035156,168.14999389648438,169.88999938964844,169.46372985839844,50558300,167.26764320926577,buy
2024-04-26,2024-04-26,169.8800048828125,171.33999633789062,169.17999267578125,169.3000030517578,168.87521362304688,44838400,169.05007473568378,buy
2024-04-29,2024-04-29,173.3699951171875,176.02999877929688,173.10000610351562,173.5,173.06466674804688,68169400,170.50831124244252,buy
2024-04-30,2024-04-30,173.3300018310547,174.99000549316406,170.0,170.3300018310547,169.9026336669922,65934800,172.11493679517807,buy
2024-05-01,2024-05-01,169.5800018310547,172.7100067138672,169.11000061035156,169.3000030517578,168.87521362304688,50383100,173.24210802330848,buy
2024-05-02,2024-05-02,172.50999450683594,173.4199981689453,170.88999938964844,173.02999877929688,172.59584045410156,94214900,174.96933172998553,buy
2024-05-03,2024-05-03,186.6499938964844,187.0,182.66000366210932,183.3800048828125,182.9198760986328,163224100,176.62567316916477,buy
2024-05-06,2024-05-06,182.3500061035156,184.1999969482422,180.4199981689453,181.7100067138672,181.25408935546875,78569700,178.21102549389485,buy
2024-05-07,2024-05-07,183.4499969482422,184.8999938964844,181.32000732421875,182.3999938964844,181.9423217773437,77305800,178.69349290252688,buy
2024-05-08,2024-05-08,182.8500061035156,183.07000732421875,181.4499969482422,182.7400054931641,182.281494140625,45057100,179.64476199471866,buy
2024-05-09,2024-05-09,182.5599975585937,184.66000366210932,182.1100006103516,184.57000732421875,184.10690307617188,48983000,180.52483896325379,buy
2024-05-10,2024-05-10,184.8999938964844,185.08999633789065,182.1300048828125,183.0500030517578,182.8383636474609,50759500,181.3651047577315,buy
2024-05-13,2024-05-13,185.44000244140625,187.1000061035156,184.6199951171875,186.27999877929688,186.06463623046875,72044800,182.1248934284839,buy
2024-05-14,2024-05-14,187.509994506836,188.3000030517578,186.2899932861328,187.42999267578125,187.2133026123047,52393600,183.21246717645948,buy
2024-05-15,2024-05-15,187.91000366210932,190.6499938964844,187.3699951171875,189.72000122070312,189.5006561279297,70400000,183.75078348654029,sell
2024-05-16,2024-05-16,190.47000122070312,191.1000061035156,189.66000366210932,189.83999633789065,189.6205139160156,52845200,183.6867821627067,buy
2024-05-17,2024-05-17,189.509994506836,190.8099975585937,189.17999267578125,189.8699951171875,189.6504821777344,41282900,183.71704121931717,buy
2024-05-20,2024-05-20,189.3300018310547,191.9199981689453,189.009994506836,191.0399932861328,190.81912231445312,44361300,183.73450001116092,buy
2024-05-21,2024-05-21,191.08999633789065,192.72999572753903,190.9199981689453,192.3500061035156,192.12762451171875,42309400,183.78335043729902,buy
2024-05-22,2024-05-22,192.2700042724609,192.82000732421875,190.2700042724609,190.8999938964844,190.6792907714844,34648500,183.81245554683537,sell
2024-05-23,2024-05-23,190.97999572753903,191.0,186.6300048828125,186.8800048828125,186.6639404296875,51005900,183.80080922914277,buy
2024-05-24,2024-05-24,188.82000732421875,190.5800018310547,188.0399932861328,189.97999572753903,189.7603454589844,36294600,184.16468720651787,buy
2024-05-28,2024-05-28,191.509994506836,193.0,189.1000061035156,189.9900054931641,189.77035522460932,52280100,185.0306176386998,buy
2024-05-29,2024-05-29,189.6100006103516,192.25,189.509994506836,190.2899932861328,190.0699920654297,53068000,185.7109762858497,buy
2024-05-30,2024-05-30,190.759994506836,192.17999267578125,190.6300048828125,191.2899932861328,191.0688323974609,49947900,186.22815826896175,buy
2024-05-31,2024-05-31,191.44000244140625,192.57000732421875,189.91000366210932,192.25,192.02772521972656,75158300,186.98610917215166,buy
2024-06-03,2024-06-03,192.8999938964844,194.9900054931641,192.5200042724609,194.02999877929688,193.8056640625,50080500,187.19580699878907,buy
2024-06-04,2024-06-04,194.63999938964844,195.32000732421875,193.02999877929688,194.3500061035156,194.12530517578125,47471400,188.89520775934548,buy
2024-06-05,2024-06-05,195.3999938964844,196.8999938964844,194.8699951171875,195.8699951171875,195.6435394287109,54156800,191.04657112393545,buy
2024-06-06,2024-06-06,195.69000244140625,196.5,194.1699981689453,194.47999572753903,194.2551422119141,41181800,193.26956468468245,buy
2024-06-07,2024-06-07,194.6499938964844,196.94000244140625,194.13999938964844,196.88999938964844,196.6623687744141,53103900,195.10786648193948,buy
2024-06-10,2024-06-10,196.8999938964844,197.3000030517578,192.1499938964844,193.1199951171875,192.896713256836,97262100,197.53498045846558,buy
2024-06-11,2024-06-11,193.6499938964844,207.16000366210932,193.6300048828125,207.1499938964844,206.91049194335932,172373300,199.41623473014852,buy
2024-06-12,2024-06-12,207.3699951171875,220.1999969482422,206.8999938964844,213.07000732421875,212.8236694335937,198134300,201.18869743600948,buy
2024-06-13,2024-06-13,214.7400054931641,216.75,211.6000061035156,214.2400054931641,213.9923095703125,97862700,201.2248971831127,sell
2024-06-14,2024-06-14,213.8500061035156,215.1699981689453,211.3000030517578,212.4900054931641,212.2443389892578,70122700,200.6991888132862,sell
2024-06-17,2024-06-17,213.3699951171875,218.9499969482422,212.72000122070312,216.6699981689453,216.41949462890625,93728300,200.1461703627054,buy
2024-06-18,2024-06-18,217.58999633789065,218.6300048828125,213.0,214.2899932861328,214.042236328125,79943300,200.2275450008217,sell
2024-06-20,2024-06-20,213.92999267578125,214.2400054931641,208.8500061035156,209.67999267578125,209.4375762939453,86172500,199.95213629912976,sell
2024-06-21,2024-06-21,210.38999938964844,211.88999938964844,207.1100006103516,207.4900054931641,207.2501220703125,246421400,199.55812748148577,buy
2024-06-24,2024-06-24,207.72000122070312,212.6999969482422,206.58999633789065,208.13999938964844,207.8993530273437,80727000,200.3164416643101,buy
2024-06-25,2024-06-25,209.1499938964844,211.3800048828125,208.6100006103516,209.07000732421875,208.8282928466797,56713900,201.6789967261724,buy
2024-06-26,2024-06-26,211.5,214.8600006103516,210.63999938964844,213.25,213.00344848632807,66213200,203.09756095991042,buy
2024-06-27,2024-06-27,214.69000244140625,215.7400054931641,212.3500061035156,214.1000061035156,213.8524780273437,49772700,204.90748420690002,buy
2024-06-28,2024-06-28,215.7700042724609,216.07000732421875,210.3000030517578,210.6199951171875,210.37648010253903,82542700,206.41962500059375,buy
2024-07-01,2024-07-01,212.08999633789065,217.509994506836,211.9199981689453,216.75,216.49940490722656,60402900,207.91920059281364,buy
2024-07-02,2024-07-02,216.1499938964844,220.3800048828125,215.1000061035156,220.2700042724609,220.0153350830078,58046200,210.19264728396834,buy
2024-07-03,2024-07-03,220.0,221.5500030517578,219.02999877929688,221.5500030517578,221.2938537597656,37369800,211.281289501457,buy
2024-07-05,2024-07-05,221.6499938964844,226.4499969482422,221.6499938964844,226.33999633789065,226.07830810546875,60412400,212.30774679328434,buy
2024-07-08,2024-07-08,227.08999633789065,227.8500061035156,223.25,227.82000732421875,227.55661010742188,59085900,213.58258050812262,buy
2024-07-09,2024-07-09,227.92999267578125,229.3999938964844,226.3699951171875,228.67999267578125,228.4156036376953,48076100,214.41814503674274,buy
2024-07-10,2024-07-10,229.3000030517578,233.0800018310547,229.25,232.97999572753903,232.71063232421875,62627700,214.52225670609744,sell
2024-07-11,2024-07-11,231.38999938964844,232.38999938964844,225.7700042724609,227.57000732421875,227.3069000244141,64710600,214.07973937255952,sell
2024-07-12,2024-07-12,228.9199981689453,232.63999938964844,228.67999267578125,230.5399932861328,230.27345275878903,53046500,213.22351064355638,sell
2024-07-15,2024-07-15,236.47999572753903,237.22999572753903,233.08999633789065,234.3999938964844,234.1289978027344,62631300,212.86559472606427,sell
2024-07-16,2024-07-16,235.0,236.2700042724609,232.3300018310547,234.82000732421875,234.54852294921875,43234300,212.31569620646164,sell
2024-07-17,2024-07-17,229.4499969482422,231.4600067138672,226.63999938964844,228.8800048828125,228.61538696289065,57345900,210.7278650324612,sell
2024-07-18,2024-07-18,230.27999877929688,230.44000244140625,222.2700042724609,224.17999267578125,223.9208068847656,66034600,208.9744851921039,sell
2024-07-19,2024-07-19,224.82000732421875,226.8000030517578,223.27999877929688,224.3099975585937,224.0506591796875,49151500,207.85983642666682,sell
2024-07-22,2024-07-22,227.009994506836,227.77999877929688,223.08999633789065,223.9600067138672,223.7010803222656,48201800,207.25029593884398,sell
2024-07-23,2024-07-23,224.3699951171875,226.94000244140625,222.67999267578125,225.009994506836,224.74984741210932,39960300,206.68285314983655,sell
2024-07-24,2024-07-24,224.0,224.8000030517578,217.1300048828125,218.5399932861328,218.28732299804688,61777600,206.4888404556512,sell
2024-07-25,2024-07-25,218.92999267578125,220.8500061035156,214.6199951171875,217.4900054931641,217.23855590820312,51391200,205.800617872885,buy
2024-07-26,2024-07-26,218.6999969482422,219.4900054931641,216.009994506836,217.9600067138672,217.7080078125,41601300,205.93744607873026,sell
2024-07-29,2024-07-29,216.9600067138672,219.3000030517578,215.75,218.2400054931641,217.98768615722656,36311800,205.0835679826559,sell
2024-07-30,2024-07-30,219.19000244140625,220.3300018310547,216.1199951171875,218.8000030517578,218.5470428466797,41643800,203.96244429196955,sell
2024-07-31,2024-07-31,221.44000244140625,223.82000732421875,220.6300048828125,222.0800018310547,221.8232421875,50036300,203.07753784123528,sell
2024-08-01,2024-08-01,224.3699951171875,224.47999572753903,217.0200042724609,218.3600006103516,218.1075439453125,62501000,202.49810682429109,sell
2024-08-02,2024-08-02,219.1499938964844,225.6000061035156,217.7100067138672,219.8600006103516,219.60580444335932,105568600,201.87965530072913,sell
2024-08-05,2024-08-05,199.08999633789065,213.5,196.0,209.2700042724609,209.028060913086,119548600,201.79157067407067,buy
2024-08-06,2024-08-06,205.3000030517578,209.9900054931641,201.07000732421875,207.22999572753903,206.9904022216797,69660500,201.94115640590212,buy
2024-08-07,2024-08-07,206.8999938964844,213.63999938964844,206.38999938964844,209.82000732421875,209.57742309570312,63516400,203.25657059284725,buy
2024-08-08,2024-08-08,213.1100006103516,214.1999969482422,208.8300018310547,213.3099975585937,213.0633850097656,47161100,205.08771364436666,buy
2024-08-09,2024-08-09,212.1000061035156,216.77999877929688,211.97000122070312,216.2400054931641,215.9900054931641,42201600,206.7695060273475,buy
2024-08-12,2024-08-12,216.07000732421875,219.509994506836,215.6000061035156,217.52999877929688,217.52999877929688,38028100,208.0614779931756,buy
2024-08-13,2024-08-13,219.009994506836,221.88999938964844,219.009994506836,221.2700042724609,221.2700042724609,44155300,209.10870633233722,buy
2024-08-14,2024-08-14,220.57000732421875,223.02999877929688,219.6999969482422,221.72000122070312,221.72000122070312,41960600,210.00775931942468,buy
2024-08-15,2024-08-15,224.6000061035156,225.3500061035156,222.759994506836,224.72000122070312,224.72000122070312,46414000,210.33695477640515,buy
2024-08-16,2024-08-16,223.9199981689453,226.8300018310547,223.6499938964844,226.0500030517578,226.0500030517578,44340200,210.85257679402812,buy
2024-08-19,2024-08-19,225.72000122070312,225.9900054931641,223.0399932861328,225.88999938964844,225.88999938964844,40687800,211.09969242301364,buy
2024-08-20,2024-08-20,225.7700042724609,227.1699981689453,225.4499969482422,226.509994506836,226.509994506836,30299000,211.29834227488578,buy
2024-08-21,2024-08-21,226.5200042724609,227.97999572753903,225.0500030517578,226.3999938964844,226.3999938964844,34765500,211.35847573908202,buy
2024-08-22,2024-08-22,227.7899932861328,228.33999633789065,223.8999938964844,224.52999877929688,224.52999877929688,43695300,211.68688052862282,buy
2024-08-23,2024-08-23,225.66000366210932,228.22000122070312,224.3300018310547,226.83999633789065,226.83999633789065,38677300,211.94671094481401,sell
2024-08-26,2024-08-26,226.759994506836,227.27999877929688,223.88999938964844,227.17999267578125,227.17999267578125,30602200,211.77086223235105,sell
2024-08-27,2024-08-27,226.0,228.8500061035156,224.88999938964844,228.02999877929688,228.02999877929688,35934600,211.17098070892646,sell
2024-08-28,2024-08-28,227.9199981689453,229.8600006103516,225.67999267578125,226.4900054931641,226.4900054931641,38052200,210.68858809316032,sell
2024-08-29,2024-08-29,230.1000061035156,232.9199981689453,228.8800048828125,229.7899932861328,229.7899932861328,51906300,209.96128089560563,sell
2024-08-30,2024-08-30,230.19000244140625,230.3999938964844,227.47999572753903,229.0,229.0,52990800,209.39610326196595,sell
2024-09-03,2024-09-03,228.5500030517578,229.0,221.1699981689453,222.7700042724609,222.7700042724609,50190600,208.41095300151437,sell
2024-09-04,2024-09-04,221.66000366210932,221.77999877929688,217.47999572753903,220.8500061035156,220.8500061035156,43840200,207.76247748463481,sell
2024-09-05,2024-09-05,221.6300048828125,225.47999572753903,221.5200042724609,222.3800048828125,222.3800048828125,36615400,207.76247748463481,buy
2024-09-06,2024-09-06,223.9499969482422,225.2400054931641,219.7700042724609,220.82000732421875,220.82000732421875,48423000,207.93150936160436,sell
2024-09-09,2024-09-09,220.82000732421875,221.2700042724609,216.7100067138672,220.91000366210932,220.91000366210932,67180000,207.30991653767393,sell
2024-09-10,2024-09-10,218.9199981689453,221.47999572753903,216.72999572753903,220.1100006103516,220.1100006103516,51591000,206.89522215025667,sell
2024-09-11,2024-09-11,221.4600067138672,223.08999633789065,217.88999938964844,222.66000366210932,222.66000366210932,44587100,206.87257059657935,buy
2024-09-12,2024-09-12,222.5,223.5500030517578,219.82000732421875,222.7700042724609,222.7700042724609,37498200,207.7727347919604,buy
2024-09-13,2024-09-13,223.5800018310547,224.0399932861328,221.91000366210932,222.5,222.5,36766600,208.33949376047946,buy
2024-09-16,2024-09-16,216.5399932861328,217.22000122070312,213.9199981689453,216.32000732421875,216.32000732421875,59357400,208.71691993128044,buy
2024-09-17,2024-09-17,215.75,216.8999938964844,214.5,216.7899932861328,216.7899932861328,45519300,209.21232650571588,buy
2024-09-18,2024-09-18,217.5500030517578,222.7100067138672,217.5399932861328,220.69000244140625,220.69000244140625,59894900,210.23000097814568,buy
2024-09-19,2024-09-19,224.9900054931641,229.82000732421875,224.6300048828125,228.8699951171875,228.8699951171875,66781300,211.3093688802608,buy
2024-09-20,2024-09-20,229.97000122070312,233.08999633789065,227.6199951171875,228.1999969482422,228.1999969482422,318679900,212.0195805656062,buy
2024-09-23,2024-09-23,227.33999633789065,229.4499969482422,225.8099975585937,226.47000122070312,226.47000122070312,54146000,212.4311977608258,sell
2024-09-24,2024-09-24,228.6499938964844,229.3500061035156,225.72999572753903,227.3699951171875,227.3699951171875,43556100,212.2330180355394,buy
2024-09-25,2024-09-25,224.92999267578125,227.2899932861328,224.0200042724609,226.3699951171875,226.3699951171875,42308700,212.26389680446746,sell
2024-09-26,2024-09-26,227.3000030517578,228.5,225.41000366210932,227.5200042724609,227.5200042724609,36636700,212.09441617030242,buy
2024-09-27,2024-09-27,228.4600067138672,229.5200042724609,227.3000030517578,227.7899932861328,227.7899932861328,34026000,212.13730453655754,sell
2024-09-30,2024-09-30,230.0399932861328,233.0,229.6499938964844,233.0,233.0,54541900,211.5548176968059,sell
2024-10-01,2024-10-01,229.5200042724609,229.6499938964844,223.7400054931641,226.2100067138672,226.2100067138672,63285000,211.35249230980878,sell
2024-10-02,2024-10-02,225.88999938964844,227.3699951171875,223.0200042724609,226.77999877929688,226.77999877929688,32880600,211.00532519561827,buy
2024-10-03,2024-10-03,225.13999938964844,226.8099975585937,223.32000732421875,225.6699981689453,225.6699981689453,34044200,211.28932439219537,buy
2024-10-04,2024-10-04,227.8999938964844,228.0,224.1300048828125,226.8000030517578,226.8000030517578,37245100,211.3665106298204,buy
2024-10-07,2024-10-07,224.5,225.69000244140625,221.3300018310547,221.69000244140625,221.69000244140625,39505400,211.92972227955602,buy
2024-10-08,2024-10-08,224.3000030517578,225.97999572753903,223.25,225.7700042724609,225.7700042724609,31855700,212.63215550684617,buy
2024-10-09,2024-10-09,225.22999572753903,229.75,224.8300018310547,229.5399932861328,229.5399932861328,33591100,213.63196516901723,buy
